RK,PLAYER,WAR,OFF,DEF,WAA,TRPG,ORPG,RAA,WAAWP
1','Mike Trout','8.9','58.8','-0.6','90.1','60.9','6.5','0.5','4.7
2','Bryce Harper','8.9','69.9','2.9','97.4','66.6','6.8','0.5','4.7
3,Josh Donaldson,7.7,45.2,3.3,84.1,49,5.3,0.5,4.6
4,Joey Votto,7,59.5,-2.9,75.1,47.6,4.9,0.5,4.5
5,Paul Goldschmidt,6.8,52.9,4.1,85.7,46.1,4.7,0.5,4.5
6,Nelson Cruz,6,44.7,-1.2,49.4,34.2,3.8,0.5,4.5
7,AJ Pollock,5.9,26.2,8.6,72.6,37.2,3.8,0.5,4.5
8,Manny Machado,5.7,27.3,0.7,66.8,29.1,3.3,0.5,4.5
 ,Andrew McCutchen,5.7,34.5,-2.7,48.6,35.2,3.6,0.5,4.4
10,Kris Bryant,5.5,28.1,2.7,59.2,34.7,3.5,0.5,4.5
11,Jose Bautista,5.4,37.2,2.1,48.4,28.1,3.2,0.5,4.5
 ,Adam Eaton,5.4,18,5.2,37.5,28.1,3.2,0.5,4.5
13,Lorenzo Cain,5.3,19.9,6.1,68.2,28.8,3.2,0.5,4.5
14,Chris Davis,5.2,37.4,-3.5,49.9,24.9,2.8,0.5,4.5
 ,Anthony Rizzo,5.2,38.1,0.2,61.7,29.9,3,0.5,4.4
16,Yoenis Cespedes,5.1,29.6,2.2,60.8,26.7,2.9,1,8.9
 ,Matt Carpenter,5.1,28.1,-1.3,40.8,29.8,3,0.5,4.4
18,Mookie Betts,4.9,18,1.6,56.5,24.3,2.8,0.5,4.5
19,Miguel Cabrera,4.8,40.3,-2.5,49.7,27.6,3,0.5,4.5
 ,Edwin Encarnacion,4.8,36.4,-1.5,45.1,22.9,2.6,0.5,4.5
21,Shin-Soo Choo,4.7,22.5,3.8,33.5,21.8,2.5,0.5,4.5
 ,Buster Posey,4.7,24.4,0.2,59.9,26.7,2.7,0.5,4.4
23,Xander Bogaerts,4.6,7.1,5.3,44.1,20.6,2.4,0.5,4.4
 ,J.D. Martinez,4.6,28.7,-2.4,47.4,19.8,2.3,0.5,4.4
25,Jason Kipnis,4.5,15.4,2.5,43.9,21.4,2.4,0.5,4.5
 ,Logan Forsythe,4.5,17.6,1.9,48.4,20.4,2.3,0.5,4.4
27,Robinson Cano,4.4,20.4,-2.9,32.4,17.7,2.1,0.5,4.4
28,Kyle Seager,4.3,15.4,-1.4,40.6,16,1.9,0.5,4.4
29,Jose Altuve,4.2,16.8,-3.7,42.6,16.1,1.9,0.5,4.4
30,Carlos Correa,4.1,15.5,2.6,39.3,24.2,2.7,0.5,4.5
31,Mike Moustakas,4,14.9,-2.3,42,16,1.9,0.5,4.4
 ,Ian Kinsler,4,11,-1.2,56.4,13.9,1.7,0.5,4.4
33,David Peralta,3.9,24,2.3,37.3,22.5,2.3,0.5,4.4
 ,Adrian Beltre,3.9,10.4,3.8,55,15.2,1.8,0.5,4.4
 ,Curtis Granderson,3.9,22.9,0.1,50.8,18.4,1.8,0.5,4.3
 ,Matt Duffy,3.9,11.1,5.6,48.4,19.5,2,0.5,4.4
 ,Jason Heyward,3.9,13.6,6.3,63.3,19.4,1.9,0.5,4.3
38,Ryan Braun,3.8,21.7,6.1,37.8,20.4,2,0.5,4.4
39,Nolan Arenado,3.7,16.5,-1,56.2,16.8,1.7,0.5,4.3
 ,Jose Abreu,3.7,25.6,-2.8,36,11.5,1.4,0.5,4.4
 ,Michael Brantley,3.7,19.1,0.9,32.7,13.8,1.6,0.5,4.4
42,Eric Hosmer,3.6,15.6,2.7,34.5,10.6,1.3,0.5,4.4
43,Francisco Lindor,3.5,11.4,2.5,43.6,18.5,2.1,0.5,4.5
 ,Jung Ho Kang,3.5,14.4,2.2,39.3,20.2,2.1,0.5,4.4
 ,Justin Upton,3.5,17.9,3.8,43.8,15.7,1.6,0.5,4.3
 ,Dexter Fowler,3.5,10.5,0.5,24.3,15.1,1.5,0.5,4.3
 ,Russell Martin,3.5,12,-1.8,31.7,14.6,1.7,0.5,4.4
 ,Dee Strange-Gordon,3.5,8.6,1.8,48.5,15.8,1.5,0.5,4.3
49,Francisco Cervelli,3.4,10.4,-0.3,31.3,17.7,1.8,0.5,4.4
 ,Brandon Crawford,3.4,7.8,1.2,54.4,16.2,1.6,0.5,4.3
,Josh Reddick,3.4,10.8,3.1,33.1,11.2,1.4,0.5,4.4
52,Evan Longoria,3.4,6.6,-0.7,31,7.9,1,0.5,4.4
 ,Todd Frazier,3.4,13.7,-1,40.8,13.4,1.3,0.5,4.3
 ,Justin Turner,3.4,19.7,-1.3,38.6,19.4,2,0.5,4.4
55,David Ortiz,3.3,27.1,-2.7,30.2,9.2,1.1,0.5,4.4
 ,Mark Teixeira,3.3,22.6,-2.1,35.9,14.3,1.6,0.5,4.4
57,Brandon Belt,3.2,19.8,0.2,38.7,14.6,1.5,0.5,4.3
 ,Brett Gardner,3.2,6.4,2.4,31.1,7,0.9,0.5,4.4
59,Alex Rodriguez,3.1,21.1,0.4,28.7,7.4,1,0.5,4.4
 ,Ben Zobrist,3.1,12.1,-0.9,17.9,11.2,1.3,1,8.8
 ,Joe Panik,3.1,14.7,-1.1,33.3,17.7,1.8,0.5,4.4
 ,George Springer,3.1,15.8,1.4,35.5,14,1.6,0.5,4.4
 ,Charlie Blackmon,3.1,2.8,5.2,25.3,10.9,1,0.5,4.3
 ,Yunel Escobar,3.1,12.4,-0.5,20.8,12.8,1.3,0.5,4.3
 ,Stephen Vogt,3.1,7.1,-0.9,33.2,10.9,1.3,0.5,4.4
 ,Freddie Freeman,3.1,19.1,1.6,33.9,15.3,1.5,0.5,4.4
67,Brian Dozier,2.9,-1.5,1.8,22.9,4,0.6,0.5,4.3
 ,Brandon Phillips,2.9,1.8,5,35.1,10,0.9,0.5,4.3
 ,Adam Jones,2.9,4.1,0.8,31,6.2,0.8,0.5,4.3
70,Adrian Gonzalez,2.8,22.1,-2.5,39.9,9,0.8,0.5,4.3
 ,Kevin Kiermaier,2.8,-0.8,2.5,68.4,7.2,0.9,0.5,4.4
 ,Kevin Pillar,2.8,-4.2,2.9,48.3,3.8,0.6,0.5,4.3
 ,Ben Revere,2.8,1.2,6.5,26.7,6.6,0.7,1,8.6
74,Didi Gregorius,2.7,-4.8,0.5,30.9,5.2,0.7,0.5,4.3
 ,Odubel Herrera,2.7,5.5,1.9,38.1,10.6,1,0.5,4.3
 ,Brian McCann,2.7,2.5,-2.8,25.8,6.6,0.8,0.5,4.4
 ,Giancarlo Stanton,2.7,20.3,0.3,35.9,16.8,1.7,0.5,4.5
 ,Kendrys Morales,2.7,21.8,-2.9,23.4,2.5,0.4,0.5,4.3
 ,Rougned Odor,2.7,4,-0.9,18.3,8.5,1,0.5,4.4
 ,Joc Pederson,2.7,8.5,-3.7,24.7,8.7,0.8,0.5,4.3
81,Starling Marte,2.6,11.5,0.1,51.7,7.2,0.6,0.5,4.3
 ,Erick Aybar,2.6,-12.8,5.6,22.1,2.2,0.4,0.5,4.3
 ,Maikel Franco,2.6,14.3,0.5,18,15.1,1.5,0.5,4.4
 ,Christian Yelich,2.6,10.4,1.7,34.8,9.7,0.9,0.5,4.3
 ,Jhonny Peralta,2.6,5.6,-4.6,20.2,6.4,0.6,0.5,4.3
 ,Adam A Lind,2.6,15,0.3,31.9,8.3,0.8,0.5,4.3
 ,David Freese,2.6,6.7,0.1,22.5,7.6,0.9,0.5,4.4
 ,Albert Pujols,2.6,12.2,-0.6,29.4,0.8,0.3,0.5,4.3
 ,Asdrubal Cabrera,2.6,-1.4,0.4,17.4,4.6,0.7,0.5,4.3
 ,Neil Walker,2.6,2.4,0.2,24.9,7.3,0.6,0.5,4.3
 ,Brett Lawrie,2.6,-3.7,0.6,18.4,2.8,0.5,0.5,4.3
 ,Lucas Duda,2.6,19.3,-2,30.5,8.5,0.8,0.5,4.3
 ,Brock Holt,2.6,-1.9,5.1,25.2,6,0.8,0.5,4.4
94,Nick Markakis,2.5,12.9,-0,20.8,5.5,0.4,0.5,4.3
 ,Andre Ethier,2.5,18.8,-2.7,27.4,10.9,1.1,0.5,4.3
 ,Prince Fielder,2.5,19.6,-2.8,18.6,-0.5,0.1,0.5,4.3
 ,Carlos Gonzalez,2.5,9.3,1.8,31.1,6.3,0.5,0.5,4.3
98,Randal Grichuk,2.4,14.7,-0.4,31.3,13,1.3,0.5,4.3
 ,Danny Valencia,2.4,14,-1.9,16.9,9.5,1.1,1,8.8
 ,Derek Norris,2.4,1.8,-2.5,26.4,7.2,0.7,0.5,4.3
 ,A.J. Pierzynski,2.4,8.2,-3.1,16.7,10.5,1,0.5,4.3
102,Colby Rasmus,2.4,7.4,1.9,24.8,5.4,0.7,0.5,4.3
 ,Kole Calhoun,2.4,1.9,2.7,28.6,-1.6,0,0.5,4.3
 ,Billy Burns,2.4,-3,1.7,26.4,3.3,0.5,0.5,4.3
 ,Howie Kendrick,2.4,4.8,2.4,12.6,8.7,0.8,0.5,4.3
 ,Yangervis Solarte,2.4,7.9,-1.2,23.8,6.3,0.5,0.5,4.3
107,Dustin Pedroia,2.3,6.2,-1.4,19.3,8.1,1,0.5,4.4
 ,Devon Travis,2.3,11.9,0.4,23.2,13.6,1.5,0.5,4.5
 ,Troy Tulowitzki,2.3,1.9,-0.4,28.4,5.8,0.6,1,8.6
 ,Marcus Semien,2.3,-5.6,-0.3,25.8,0.2,0.2,0.5,4.3
 ,Elvis Andrus,2.3,-13.2,3.3,20.6,-2.1,-0,0.5,4.3
112,Miguel Sano,2.2,18.4,-2.3,20.2,9.2,1.1,0.5,4.4
 ,Trevor Plouffe,2.2,3.6,-2.8,24.2,-1.4,0,0.5,4.3
114,Andres Blanco,2.1,11.5,0.6,15.1,12.6,1.3,0.5,4.3
 ,Nick Hundley,2.1,4.3,-1.7,18.5,8.9,0.9,0.5,4.3
 ,Travis d'Arnaud,2.1,8.5,0.3,16.9,12.2,1.3,0.5,4.4
 ,Alex Gordon,2.1,9.6,-1.4,26.8,4.7,0.6,0.5,4.3
 ,Ketel Marte,2.1,6.3,0.5,21.6,10.9,1.2,0.5,4.5
 ,Franklin Gutierrez,2.1,15.1,0.8,22.8,13.1,1.4,0.5,4.5
 ,Delino DeShields,2.1,-3.8,4,10.6,2,0.4,0.5,4.3
121,Ender Inciarte,2,3.3,3.8,50.9,3.9,0.3,0.5,4.3
 ,Martin Prado,2,0.1,1,31.7,4.2,0.3,0.5,4.3
 ,Mitch Moreland,2,9.1,-1.6,21.2,0.7,0.2,0.5,4.3
 ,Chris Coghlan,2,7.4,2.3,20.5,5.1,0.4,0.5,4.3
 ,Miguel Montero,2,3.6,-1.1,18.9,7.8,0.8,0.5,4.3
 ,Luis Valbuena,2,3.3,-0,20.4,1.8,0.3,0.5,4.3
 ,Daniel Murphy,2,4.3,-2.3,16,3.5,0.3,0.5,4.2
128,DJ LeMahieu,1.9,-5.9,4.5,24.2,1,-0.1,0.5,4.2
 ,Mark Trumbo,1.9,9.2,-1,15.9,-0.1,0.1,1,8.5
 ,Jose Iglesias,1.9,-0.8,-4.7,14.9,1.6,0.3,0.5,4.3
 ,Ian Desmond,1.9,-12.7,3.7,21.5,-0.4,-0.2,0.5,4.2
132,Brandon Guyer,1.8,8,-0.3,18.3,3.5,0.5,0.5,4.3
 ,Chase Headley,1.8,-5.8,-0.4,10.5,-5.5,-0.4,0.5,4.3
 ,Cory Spangenberg,1.8,2.2,1.9,21.6,7.4,0.7,0.5,4.3
 ,Yasmani Grandal,1.8,4.9,-3.6,14.9,5,0.4,0.5,4.3
 ,Seth Smith,1.8,8.1,0.1,18,0.8,0.2,0.5,4.3
 ,Jacoby Ellsbury,1.8,-5.2,1.7,17.8,-0.1,0.1,0.5,4.3
 ,Kyle Schwarber,1.8,9.2,0.7,17.8,9,0.9,0.5,4.4
 ,Wil Myers,1.8,9.2,0.7,11.6,9.4,1,0.5,4.4
140,Jonathan Schoop,1.7,4.8,-1.1,13.5,5,0.6,0.5,4.4
 ,Gregor Blanco,1.7,5.5,1,12.1,6,0.6,0.5,4.3
 ,Salvador Perez,1.7,-5.6,-2.8,21.7,-3.2,-0.2,0.5,4.3
 ,Kolten Wong,1.7,-6.4,0.6,23.9,-1,-0.3,0.5,4.2
 ,Carlos Gomez,1.7,-2.2,-0,23.2,1.2,0.1,1,8.5
 ,Austin Jackson,1.7,-3.6,-0.5,15.3,-2.4,-0.2,1,8.5
146,Corey Seager,1.6,10,0.9,17.9,12.3,1.3,0.5,4.7
 ,Welington Castillo,1.6,0.9,-0.9,12,4.7,0.4,1.4,12.2
 ,J.T. Realmuto,1.6,-7.1,0.3,23.3,2.1,0.1,0.5,4.2
 ,Josh Harrison,1.6,-0.7,1.2,18.1,2.6,0.2,0.5,4.2
 ,Carlos Santana,1.6,1.3,0.9,11.2,-8.3,-0.7,0.5,4.3
151,Enrique Hernandez,1.6,9.6,-1.9,13.8,8.8,0.9,0.5,4.3
152,Melky Cabrera,1.6,-2.4,0,13.3,-8.8,-0.8,0.5,4.2
 ,Mark Canha,1.6,1.9,2.5,11,-2.4,-0.1,0.5,4.3
 ,Ryan Goins,1.6,-7.1,2.5,25.9,-0.4,0.1,0.5,4.3
 ,A.J. Ellis,1.6,5.1,-1,15.6,8.5,0.9,0.5,4.4
156,Eduardo Escobar,1.5,1.1,-4,18.7,-1.3,-0,0.5,4.3
 ,Joe Mauer,1.5,0.7,1.7,14.8,-9,-0.8,0.5,4.2
 ,Robinson Chirinos,1.5,1.6,-1.4,17.3,4.5,0.6,0.5,4.4
 ,Juan Uribe,1.5,1,-0,18,2.9,0.2,1.5,12.7
 ,Marwin Gonzalez,1.5,2.7,-0.2,17,0.7,0.2,0.5,4.3
 ,Chris Young,1.5,7.1,0.2,11,1.2,0.2,0.5,4.3
162,Jackie Bradley Jr.,1.4,5.1,0.6,21.2,4,0.5,0.5,4.4
 ,B.J. Upton,1.4,4.8,-0.5,15.8,6.4,0.6,0.5,4.3
164,Marlon Byrd,1.3,2.9,-0.5,16.2,-2.5,-0.4,1,8.4
 ,Addison Russell,1.3,-6.8,-1.9,33.8,-2.2,-0.4,0.5,4.2
 ,Danny Espinosa,1.3,-4.9,1.8,19.2,0.8,-0,0.5,4.2
 ,Rajai Davis,1.3,2,-1,15.5,-0.8,0,0.5,4.3
 ,Mikie Mahtook,1.3,10.5,-1.8,11.2,8.1,0.9,0.5,4.5
 ,Josh Phegley,1.3,1.7,-1.7,15.1,3.4,0.4,0.5,4.4
 ,Caleb Joseph,1.3,-5.7,-0.9,21,-0.7,0,0.5,4.3
171,Aaron Hicks,1.2,-3,-0.3,13,-2,-0.1,0.5,4.3
 ,Andrelton Simmons,1.2,-10,-1.4,39.5,-4.4,-0.6,0.5,4.2
 ,Zack Cozart,1.2,2.4,0.1,19.5,5.5,0.5,0.5,4.3
 ,Travis Shaw,1.2,4.4,0.3,10.5,2.6,0.4,0.5,4.3
 ,Gregory Polanco,1.2,-4.2,2.6,26.4,-6.4,-0.9,0.5,4.2
 ,Trayce Thompson,1.2,7.7,0.2,14.1,6.3,0.7,0.5,4.4
 ,Tommy Pham,1.2,4.9,0.7,14.7,6.1,0.6,0.5,4.3
178,Aaron Altherr,1.1,5.7,1.2,16.4,6.2,0.6,0.5,4.4
 ,Carlos Perez,1.1,-3.9,-0.3,10.5,0.4,0.1,0.5,4.3
 ,Michael Conforto,1.1,7.1,0.1,20.3,5,0.5,0.5,4.3
 ,Adeiny Hechavarria,1.1,-9.4,1.5,21.9,-3.3,-0.5,0.5,4.2
 ,Jarrod Dyson,1.1,-3,5.8,21.1,2,0.3,0.5,4.3
 ,Madison Bumgarner,1.1,-0.3,-0.7,10.2,10.2,1.1,0.5,4.5
184,Eddie Rosario,1,-5.3,2.2,20.9,-7.1,-0.6,0.5,4.2
 ,Roberto Perez,1,-0.3,-0.5,13.7,1.6,0.2,0.5,4.3
 ,Jake Lamb,1,-2.8,0.2,18.2,-1.5,-0.3,0.5,4.2
 ,Eduardo Nunez,1,-0.9,1.4,14.2,1.8,0.2,0.5,4.3
188,Justin Smoak,0.9,4,-1.3,12.9,-2.8,-0.2,0.5,4.3
 ,Jose Ramirez,0.9,-10.9,1.8,13.7,-4,-0.3,0.5,4.3
 ,Miguel Rojas,0.9,0.6,1.1,10.9,3.8,0.4,0.5,4.3
191,Jason Castro,0.8,-11.8,-0.2,12.2,-5.3,-0.5,0.5,4.3
 ,Yonder Alonso,0.8,4.7,-1.4,18.9,-3.2,-0.5,0.5,4.2
 ,Jake Marisnick,0.8,-9.3,1.4,20.6,-5.8,-0.5,0.5,4.3
194,Yadier Molina,0.7,-15.2,-0.6,16.3,-8,-1,0.5,4.2
195,Andrew Romine,0.4,-5.3,1.1,15.4,-2.9,-0.3,0.5,4.3
196,Nick Ahmed,0.3,-15.1,-1.3,25.7,-9.2,-1.1,0.5,4.2
 ,Lonnie Chisenhall,0.3,-12.5,1.5,21.4,-9.5,-0.9,0.5,4.2
198,Tyler Saladino,0.1,-10.9,1.8,11.9,-8.2,-0.8,0.5,4.2
199,Scott Van Slyke,-0.2,-3.3,-0.6,13.1,-8.1,-1,0.5,4.1
200,Leonys Martin,-0.5,-18.5,0,10.6,-15.5,-1.6,0.5,4.1

